player_name,team_abbreviation,age,player_height,player_weight,gp,pts,reb,ast,net_rating,ts_pct,gp_pred,pts_pred,reb_pred,ast_pred
Quentin Grimes,NYK,23.0,195.58,95.25432,71,11.3,3.2,2.1,4.4,0.619,65.06,11.434000000000001,3.2739999999999996,2.149
Quenton Jackson,WAS,24.0,195.58,78.471416,9,6.2,0.9,1.7,-6.7,0.542,32.339999999999996,4.345999999999999,1.6809999999999996,1.3410000000000002
Pat Connaughton,MIL,30.0,195.58,94.800728,61,7.6,4.6,1.3,3.4,0.531,51.96,7.166,3.5700000000000003,1.327
RJ Barrett,NYK,23.0,198.12,97.068688,73,19.6,5.0,2.8,-1.2,0.531,68.68,19.554999999999993,4.8610000000000015,2.9919999999999995
Precious Achiuwa,TOR,23.0,203.2,102.0582,55,9.2,6.0,0.9,-1.6,0.5539999999999999,50.26,8.401,4.811999999999999,0.8800000000000014
RaiQuan Gray,BKN,23.0,200.66,122.016248,1,16.0,9.0,7.0,-17.5,0.621,57.75,18.503,7.276000000000001,5.363
R.J. Hampton,DET,22.0,193.04,79.3786,47,6.4,1.9,1.1,-8.7,0.5579999999999999,49.09,6.941,2.2200000000000015,1.4760000000000006
Peyton Watson,DEN,20.0,200.66,90.7184,23,3.3,1.6,0.5,-12.0,0.5529999999999999,40.98,4.283000000000002,2.1050000000000004,0.6759999999999984
Patrick Beverley,CHI,34.0,187.96,81.64656,67,6.2,3.7,2.9,-1.5,0.534,55.31,7.793000000000001,3.3009999999999997,3.0130000000000003
Paul Reed,PHI,24.0,205.74,95.25432,69,4.2,3.8,0.4,-0.4,0.62,53.63,6.4780000000000015,4.194000000000001,1.0350000000000006
Paul George,LAC,33.0,203.2,99.79024,56,23.8,6.1,5.1,4.0,0.588,61.17,24.289999999999996,6.146999999999999,5.002000000000001
Patty Mills,BKN,34.0,182.88,81.64656,40,6.2,1.1,1.4,-5.8,0.5539999999999999,41.239999999999995,5.469999999999998,1.9260000000000004,1.5799999999999998
Pascal Siakam,TOR,29.0,203.2,104.32616,71,24.2,7.8,5.8,2.4,0.565,65.63,25.12299999999999,7.943999999999994,5.553000000000002
Patrick Williams,CHI,21.0,200.66,97.52228,82,10.2,4.0,1.2,-2.4,0.5760000000000001,66.7,9.599,4.035,1.5569999999999997
Patrick Baldwin,GSW,20.0,205.74,99.79024,31,3.9,1.3,0.4,-12.3,0.546,44.79,5.334999999999996,2.882,0.9420000000000002
Raul Neto,CLE,31.0,187.96,81.64656,48,3.3,1.0,1.6,1.4,0.628,46.62,4.836,1.8949999999999996,1.7740000000000002
Payton Pritchard,BOS,25.0,185.42,88.45044,48,5.6,1.8,1.3,1.4,0.536,55.04,7.076999999999998,2.2970000000000006,1.7999999999999998
Reggie Bullock,DAL,32.0,198.12,92.98636,78,7.2,3.6,1.4,-1.8,0.5770000000000001,67.47999999999999,8.581000000000001,4.011,1.717
Russell Westbrook,LAC,34.0,190.5,90.7184,73,15.9,5.8,7.5,-0.2,0.513,58.25,17.832,5.336,7.033000000000005
Richaun Holmes,SAC,29.0,203.2,106.59412,42,3.1,1.9,0.2,-9.3,0.6679999999999999,46.36,5.072999999999999,3.080000000000001,0.7729999999999997
Saddiq Bey,ATL,24.0,200.66,97.52228,77,13.8,4.7,1.5,-3.1,0.564,66.15,14.030999999999999,4.679,2.132
Paolo Banchero,ORL,20.0,208.28,113.398,72,20.0,6.9,3.7,-4.2,0.529,63.03999999999999,21.319,7.349,3.872
Sam Hauser,BOS,25.0,200.66,98.429464,80,6.4,2.6,0.9,7.7,0.634,66.69999999999999,8.507,3.473,1.552
Saben Lee,PHX,24.0,187.96,83.007336,25,6.0,1.8,2.7,-4.4,0.517,40.83,5.472999999999996,1.7340000000000013,2.274
Ryan Rollins,GSW,20.0,190.5,81.64656,12,1.9,1.0,0.5,-38.1,0.508,29.879999999999992,4.7349999999999985,2.010000000000001,1.3170000000000002
Ryan Arcidiacono,POR,29.0,190.5,88.45044,20,1.3,0.8,1.2,-12.8,0.351,38.72,3.6830000000000016,1.7579999999999996,1.2749999999999997
Rui Hachimura,LAL,25.0,203.2,104.32616,63,11.2,4.5,0.9,-1.2,0.556,58.78,10.616999999999999,4.117,1.3540000000000003
Rudy Gobert,MIN,31.0,215.9,117.026736,70,13.4,11.6,1.2,0.4,0.675,66.32999999999998,13.510000000000002,10.465000000000005,1.3760000000000003
Rudy Gay,UTA,36.0,203.2,113.398,56,5.2,2.9,1.0,2.9,0.473,48.370000000000005,6.823,3.1070000000000007,1.5759999999999998
Royce O'Neale,BKN,30.0,198.12,102.511792,76,8.8,5.1,3.7,2.1,0.5379999999999999,65.31,9.737,4.026,3.081
Ron Harper Jr.,TOR,23.0,195.58,111.13004,9,2.2,0.8,0.4,21.8,0.608,32.38000000000001,4.572000000000001,2.3859999999999997,1.0019999999999998
Romeo Langford,SAS,23.0,195.58,97.975872,43,6.9,2.7,1.2,-8.5,0.524,51.21,6.822000000000003,2.686,1.44
Rodney McGruder,DET,31.0,193.04,92.98636,32,5.7,2.3,0.9,-3.5,0.5660000000000001,44.64,5.727999999999999,2.354000000000001,1.1769999999999998
Robin Lopez,CLE,35.0,213.36,127.459352,37,3.0,1.4,0.5,-8.7,0.675,49.81,5.739999999999996,3.705,0.8129999999999988
Robert Williams III,BOS,25.0,205.74,107.501304,35,8.0,8.3,1.4,11.4,0.742,49.1,8.703000000000001,7.513,1.3250000000000006
Robert Covington,LAC,32.0,200.66,94.800728,48,6.0,3.5,1.2,-1.0,0.584,51.3,6.844999999999999,3.4040000000000004,1.3940000000000003
Ricky Rubio,CLE,32.0,187.96,86.18248,33,5.2,2.1,3.5,3.0,0.442,47.63000000000001,6.725,2.1080000000000005,3.262
Reggie Jackson,DEN,33.0,187.96,94.347136,68,10.2,2.1,3.4,-2.2,0.514,69.24000000000001,8.552000000000001,2.130000000000001,2.872
PJ Dozier,SAC,26.0,198.12,92.98636,16,1.4,0.9,0.6,-12.9,0.3329999999999999,27.13,4.345,2.2220000000000004,1.0159999999999996
Montrezl Harrell,PHI,29.0,200.66,108.86208,57,5.6,2.8,0.6,2.2,0.631,52.95,6.646000000000001,3.2910000000000004,1.0570000000000004
P.J. Tucker,PHI,38.0,195.58,111.13004,75,3.5,3.9,0.8,4.0,0.5660000000000001,56.9,6.757999999999999,3.512,1.3920000000000003
Naz Reid,MIN,23.0,205.74,119.748288,68,11.5,4.9,1.1,-4.2,0.617,57.8,10.931,5.140000000000001,1.4500000000000002
Nathan Knight,MIN,25.0,203.2,114.758776,38,3.7,1.5,0.3,-2.3,0.655,55.589999999999996,5.933,3.1100000000000003,0.9390000000000001
Nassir Little,POR,23.0,195.58,99.79024,54,6.6,2.6,0.9,-8.8,0.555,56.79,7.606,2.7939999999999996,1.3359999999999999
Naji Marshall,NOP,25.0,200.66,99.79024,77,9.1,3.6,2.5,-0.1,0.539,68.13000000000001,9.827,3.976,2.696
Myles Turner,IND,27.0,210.82,113.398,62,18.0,7.5,1.4,-1.2,0.6509999999999999,65.33999999999999,15.852000000000002,8.120999999999999,1.8700000000000003
Moussa Diabate,LAC,21.0,208.28,95.25432,22,2.7,2.3,0.2,-3.2,0.546,40.59,3.953000000000003,2.589999999999999,0.6129999999999991
Moses Moody,GSW,21.0,195.58,95.707912,63,4.8,1.7,0.8,-0.6,0.603,59.81,7.305,2.5540000000000003,1.2810000000000001
Moses Brown,BKN,23.0,218.44,111.13004,36,4.3,3.9,0.1,3.5,0.607,40.870000000000005,4.808000000000006,3.996,0.5540000000000014
Moritz Wagner,ORL,26.0,210.82,111.13004,57,10.5,4.5,1.5,-1.1,0.63,55.42,9.623,4.952000000000001,1.4390000000000003
Monte Morris,WAS,28.0,187.96,83.007336,62,10.3,3.4,5.3,0.1,0.579,65.64,11.473,3.2119999999999997,4.978
Mo Bamba,LAL,25.0,213.36,104.779752,49,6.6,4.6,0.9,1.5,0.602,39.62,6.224,4.104,0.9220000000000006
Mitchell Robinson,NYK,25.0,213.36,108.86208,59,7.4,9.4,0.9,7.3,0.652,54.24,8.785,8.883,1.272000000000001
Miles McBride,NYK,22.0,187.96,88.45044,64,3.5,0.8,1.1,3.6,0.475,56.63,5.7579999999999965,1.8930000000000005,1.5299999999999998
Mike Muscala,BOS,31.0,210.82,108.86208,63,6.1,3.2,0.8,8.8,0.608,51.67,7.02,3.6270000000000002,1.1140000000000005
Mike Conley,MIN,35.0,185.42,79.3786,67,11.9,2.7,6.7,1.3,0.583,60.37,11.989,3.2009999999999996,5.913000000000004
Sam Merrill,CLE,27.0,193.04,92.98636,5,5.0,1.8,1.0,-3.3,0.546,33.34,6.729999999999999,2.4590000000000005,1.351
Mikal Bridges,BKN,26.0,198.12,94.800728,83,20.1,4.4,3.3,0.8,0.5870000000000001,67.08000000000001,19.67799999999999,4.673,3.4899999999999993
Neemias Queta,SAC,23.0,213.36,112.490816,5,2.4,2.2,0.2,-43.5,0.607,32.59999999999998,3.899000000000001,2.7289999999999988,0.637999999999999
P.J. Washington,CHA,24.0,200.66,104.32616,73,15.7,4.9,2.4,-7.2,0.542,75.53,14.994999999999996,4.7250000000000005,2.0220000000000002
Nerlens Noel,BKN,29.0,208.28,99.79024,17,2.1,2.7,0.6,-16.8,0.424,27.99,3.2870000000000035,2.432999999999999,0.6329999999999993
Nick Richards,CHA,25.0,213.36,111.13004,65,8.2,6.4,0.6,-4.5,0.6759999999999999,52.54,7.309,5.25,0.7900000000000009
Ousmane Dieng,OKC,20.0,205.74,83.91452,39,4.9,2.7,1.2,2.9,0.505,46.15,5.669999999999999,2.5730000000000004,1.237
Otto Porter Jr.,TOR,30.0,203.2,89.811216,8,5.5,2.4,1.0,-5.0,0.6559999999999999,41.58000000000001,5.743000000000003,2.415999999999999,0.9249999999999996
Oshae Brissett,IND,25.0,200.66,95.25432,65,6.1,3.4,0.7,0.6,0.52,55.870000000000005,7.463000000000001,3.4050000000000002,1.2780000000000002
Orlando Robinson,MIA,22.0,208.28,106.59412,31,3.7,4.1,0.8,3.8,0.565,30.270000000000007,4.306000000000003,3.0610000000000004,0.5769999999999995
Onyeka Okongwu,ATL,22.0,205.74,108.86208,80,9.9,7.2,1.0,1.8,0.6779999999999999,62.67,9.256,7.295000000000001,1.165000000000001
Omer Yurtseven,MIA,25.0,210.82,124.7378,9,4.4,2.6,0.2,1.7,0.675,32.640000000000015,4.252999999999995,2.934,0.5119999999999987
Olivier Sarr,OKC,24.0,210.82,108.86208,9,4.0,3.4,0.4,6.8,0.544,32.46000000000001,4.344,2.8389999999999995,0.583999999999999
Ochai Agbaji,UTA,23.0,195.58,97.52228,59,7.9,2.1,1.1,-0.2,0.561,54.54,7.657,2.2640000000000002,1.2970000000000002
Obi Toppin,NYK,25.0,205.74,99.79024,67,7.4,2.8,1.0,2.4,0.565,67.33,8.936,3.342,1.4680000000000004
O.G. Anunoby,TOR,25.0,200.66,105.233344,67,16.8,5.0,2.0,3.0,0.586,59.26,17.934999999999995,5.096,2.467
Norman Powell,LAC,30.0,193.04,97.52228,60,17.0,2.9,1.8,-3.8,0.612,67.74999999999999,17.439,3.751,2.77
Noah Vonleh,BOS,27.0,208.28,116.573144,23,1.1,2.1,0.3,-1.4,0.502,40.75,3.851,2.838999999999999,0.6509999999999985
Nikola Vucevic,CHI,32.0,208.28,117.93392,82,17.6,11.0,3.2,-0.5,0.594,60.59,16.475,8.538,2.6239999999999997
Nikola Jovic,MIA,20.0,208.28,92.98636,15,5.5,2.1,0.7,-3.5,0.53,37.68999999999999,4.524,2.217999999999999,0.7520000000000007
Nikola Jokic,DEN,28.0,210.82,128.820128,69,24.5,11.8,9.8,12.5,0.701,65.18000000000002,25.804000000000016,10.597999999999997,8.585000000000004
Nicolas Batum,LAC,34.0,203.2,104.32616,78,6.1,3.8,1.6,4.5,0.594,63.209999999999994,7.820000000000002,4.143,1.7389999999999999
Nickeil Alexander-Walker,MIN,24.0,195.58,92.98636,59,6.2,1.7,1.8,-2.0,0.565,58.36,7.207,2.2430000000000003,2.0140000000000002
Nic Claxton,BKN,24.0,210.82,97.52228,76,12.6,9.2,1.9,3.7,0.691,66.94,12.725,9.116000000000003,1.835
Sandro Mamukelashvili,SAS,24.0,208.28,108.86208,43,6.1,4.3,1.4,-10.1,0.516,41.19999999999999,5.726999999999999,3.778,1.436
Wesley Matthews,MIL,36.0,195.58,99.79024,52,3.4,2.2,0.7,2.8,0.519,44.5,5.576,2.352000000000001,1.0399999999999991
Scottie Barnes,TOR,21.0,203.2,102.0582,77,15.3,6.6,4.8,3.2,0.524,65.81,15.205999999999996,5.982999999999998,4.3299999999999965
Vernon Carey Jr.,UTA,22.0,208.28,122.46984,11,0.5,1.0,0.3,-17.3,0.3379999999999999,39.01999999999998,4.048000000000001,2.4909999999999997,0.9369999999999994
Usman Garuba,HOU,21.0,203.2,103.872568,75,3.0,4.1,0.9,-12.2,0.569,50.2,6.038999999999998,4.088,1.2250000000000003
Udonis Haslem,MIA,43.0,200.66,106.59412,7,3.9,1.6,0.0,-11.8,0.433,31.579999999999995,4.707999999999998,2.315,0.5959999999999994
Udoka Azubuike,UTA,23.0,210.82,122.46984,36,3.5,3.3,0.3,-11.7,0.774,40.040000000000006,4.305,3.584,0.6159999999999999
Tyus Jones,MEM,27.0,187.96,88.904032,80,10.3,2.5,5.2,2.0,0.546,65.70000000000002,11.558,2.9819999999999998,5.3050000000000015
Tyrese Maxey,PHI,22.0,187.96,90.7184,60,20.3,2.9,3.5,5.4,0.605,70.29999999999998,20.78099999999999,3.846,3.9960000000000004
Tyrese Martin,ATL,24.0,198.12,97.52228,16,1.3,0.8,0.1,2.3,0.44,34.91999999999999,3.4549999999999983,2.17,0.6829999999999989
Tyrese Haliburton,IND,23.0,195.58,83.91452,56,20.7,3.7,10.4,-1.0,0.624,60.97,21.123999999999995,3.968,8.671000000000001
Tyler Herro,MIA,23.0,195.58,88.45044,67,20.1,5.4,4.2,2.7,0.5660000000000001,62.93,19.694999999999993,5.014000000000001,4.164999999999998
Tyler Dorsey,DAL,27.0,193.04,81.64656,3,3.0,0.7,0.0,7.0,0.9,14.69999999999996,3.7469999999999946,2.1289999999999996,0.9000000000000008
TyTy Washington Jr.,HOU,21.0,190.5,88.45044,31,4.7,1.5,1.5,-6.1,0.432,42.83,5.625999999999995,1.9990000000000003,1.4620000000000002
Ty Jerome,GSW,25.0,195.58,88.45044,45,6.9,1.7,3.0,-5.6,0.594,60.559999999999995,7.678,2.3089999999999993,2.7520000000000002
Troy Brown Jr.,LAL,23.0,200.66,97.52228,76,7.1,4.1,1.3,-0.5,0.561,66.91,8.611,4.162,1.6949999999999998
Trey Murphy III,NOP,23.0,203.2,93.439952,79,14.5,3.6,1.4,0.5,0.65,66.89999999999999,16.016,4.058,2.4579999999999997
Trey Lyles,SAC,27.0,205.74,106.140528,74,7.6,4.1,0.9,4.0,0.607,62.61,8.404,4.271,1.2850000000000001
Trevor Keels,NYK,19.0,193.04,100.243832,3,1.0,0.7,0.0,-94.7,0.375,17.389999999999972,4.576,1.8849999999999998,0.6759999999999995
Trevor Hudgins,HOU,24.0,182.88,81.64656,5,1.8,0.0,0.6,7.0,0.436,17.05000000000001,5.674,2.277000000000001,1.3679999999999994
Victor Oladipo,MIA,31.0,190.5,96.615096,42,10.7,3.0,3.5,-1.5,0.513,54.39,9.296,2.7430000000000003,3.083
Trevelin Queen,IND,26.0,198.12,86.18248,7,3.0,2.4,0.9,9.2,0.337,20.649999999999988,5.405,2.2250000000000005,0.9549999999999998
Vince Williams Jr.,MEM,22.0,193.04,92.98636,15,2.0,1.0,0.3,-14.8,0.367,34.18999999999999,4.431999999999998,2.348,0.8560000000000003
Vlatko Cancar,DEN,26.0,203.2,107.047712,60,5.0,2.1,1.3,-3.9,0.606,49.4,6.563000000000001,2.471,1.3259999999999996
Michael Porter Jr.,DEN,25.0,208.28,98.883056,62,17.4,5.5,1.0,10.4,0.621,62.00000000000001,17.868000000000002,5.830999999999998,2.152
Zion Williamson,NOP,22.0,198.12,128.820128,29,26.0,7.0,4.6,7.8,0.652,61.36,25.674,7.303999999999997,4.736
Ziaire Williams,MEM,21.0,205.74,83.91452,37,5.7,2.1,0.9,-5.2,0.511,47.85,6.083999999999998,2.4570000000000007,1.218
Zeke Nnaji,DEN,22.0,205.74,108.86208,53,5.2,2.6,0.3,-5.9,0.62,53.85,6.412000000000003,3.137000000000001,0.917
Zach LaVine,CHI,28.0,195.58,90.7184,77,24.8,4.5,4.2,0.3,0.607,73.92000000000002,24.153999999999996,4.9430000000000005,4.285
Zach Collins,SAS,25.0,210.82,113.398,63,11.6,6.4,2.9,-7.5,0.599,65.5,11.443,6.9910000000000005,2.68
Yuta Watanabe,BKN,28.0,203.2,97.52228,58,5.6,2.4,0.8,-0.6,0.637,47.16,6.765000000000001,2.6370000000000013,1.0719999999999998
Xavier Tillman,MEM,24.0,200.66,111.13004,61,7.0,5.0,1.6,0.7,0.621,53.33,6.524999999999999,4.558,1.3339999999999992
Xavier Sneed,CHA,25.0,195.58,97.52228,4,4.3,1.3,1.3,-24.8,0.723,39.11999999999998,5.982,2.1990000000000007,1.432
Xavier Moon,LAC,28.0,182.88,74.84268,4,1.8,0.8,1.3,9.8,0.389,21.250000000000025,5.671,2.317000000000001,1.6969999999999996
Xavier Cooks,WAS,27.0,203.2,83.007336,10,3.8,3.8,0.6,7.4,0.586,28.550000000000008,4.404,2.535,0.8380000000000001
Willy Hernangomez,NOP,29.0,210.82,113.398,38,6.9,4.7,0.9,1.7,0.61,43.39,6.541,4.2620000000000005,0.9330000000000003
Will Barton,TOR,32.0,195.58,82.10015200000001,56,6.8,2.4,2.0,-8.4,0.493,52.32,7.009000000000001,2.0889999999999995,1.7590000000000003
Wenyen Gabriel,LAL,26.0,205.74,92.98636,68,5.5,4.2,0.5,-0.2,0.626,54.22,6.783999999999999,4.193,1.1129999999999995
Wendell Moore Jr.,MIN,21.0,195.58,97.52228,29,1.4,0.6,0.6,-13.5,0.465,40.199999999999996,4.030000000000003,1.8859999999999986,1.0199999999999994
Wendell Carter Jr.,ORL,24.0,208.28,122.46984,57,15.2,8.7,2.3,-0.8,0.621,63.679999999999986,14.340999999999998,8.715000000000002,2.18
Walker Kessler,UTA,21.0,213.36,111.13004,74,9.2,8.4,0.9,3.0,0.7020000000000001,63.67999999999999,10.165000000000001,9.458999999999996,1.2040000000000013
Vit Krejci,ATL,23.0,203.2,88.45044,29,1.2,0.9,0.6,-1.8,0.475,36.06000000000002,3.3500000000000023,1.9969999999999997,0.6439999999999981
Santi Aldama,MEM,22.0,213.36,97.52228,77,9.0,4.8,1.3,2.6,0.591,59.709999999999994,9.002,4.606,1.3810000000000002
Trent Forrest,ATL,25.0,193.04,95.25432,23,2.3,1.6,1.7,-10.1,0.424,35.349999999999994,4.165999999999999,1.8669999999999993,1.3739999999999997
Tre Mann,OKC,22.0,190.5,80.73937600000001,67,7.7,2.3,1.8,1.0,0.492,58.23,8.291,2.204,1.9620000000000002
T.J. McConnell,IND,31.0,185.42,86.18248,75,8.7,3.1,5.3,-2.4,0.59,65.2,10.912,3.348,5.220000000000002
Svi Mykhailiuk,CHA,26.0,200.66,92.98636,32,6.9,1.7,1.7,1.0,0.584,52.21,6.766,2.217,1.605
Steven Adams,MEM,29.0,210.82,120.20188,42,8.6,11.5,2.3,9.7,0.564,52.9,9.966,8.755000000000004,1.6220000000000008
Sterling Brown,LAL,28.0,195.58,99.336648,4,0.0,2.0,0.5,0.4,0.0,33.22999999999999,3.947000000000001,2.2869999999999995,0.7770000000000004
Stephen Curry,GSW,35.0,187.96,83.91452,56,29.4,6.1,6.3,5.8,0.6559999999999999,55.66,27.009000000000007,6.029,6.011999999999999
Stanley Umude,DET,24.0,198.12,95.25432,1,2.0,0.0,0.0,95.0,0.532,23.900000000000027,4.613999999999998,1.608000000000001,0.9779999999999993
Stanley Johnson,SAS,27.0,198.12,109.769264,30,5.8,3.2,2.2,-7.0,0.625,48.1,6.2219999999999995,3.389,2.093
Spencer Dinwiddie,BKN,30.0,195.58,97.52228,79,17.3,3.4,6.5,-0.1,0.573,61.58,17.918999999999997,4.019,6.786999999999999
Skylar Mays,POR,25.0,193.04,92.98636,6,15.3,3.2,8.3,-16.3,0.624,56.71,17.155,3.791,7.8000000000000025
Simone Fontecchio,UTA,27.0,200.66,94.800728,52,6.3,1.7,0.8,-13.1,0.495,43.87,6.902999999999999,2.275000000000001,1.3420000000000005
Shaquille Harrison,LAL,29.0,193.04,88.45044,5,8.8,4.4,6.0,-0.4,0.516,58.74,10.876,4.021,4.138999999999999
Shake Milton,PHI,26.0,195.58,92.98636,76,8.4,2.5,3.2,3.9,0.575,69.76,10.094,3.046,3.357
Shai Gilgeous-Alexander,OKC,24.0,198.12,88.45044,68,31.4,4.8,5.5,2.7,0.626,63.269999999999996,25.587000000000007,4.932,5.302999999999999
Shaedon Sharpe,POR,20.0,195.58,90.7184,80,9.9,3.0,1.2,-7.6,0.568,67.36999999999999,9.632,3.54,1.5310000000000001
Seth Curry,BKN,32.0,185.42,83.91452,61,9.2,1.6,1.6,-3.5,0.593,49.2,7.596000000000001,1.9119999999999993,1.6340000000000003
Serge Ibaka,MIL,33.0,210.82,106.59412,16,4.1,2.8,0.3,-6.5,0.5529999999999999,33.93000000000001,4.064999999999999,2.5489999999999995,0.613999999999999
Scotty Pippen Jr.,LAL,22.0,185.42,77.11064,6,2.3,0.7,0.3,-1.5,0.439,18.82,4.786999999999999,2.1800000000000015,1.009
T.J. Warren,PHX,29.0,203.2,99.79024,42,7.5,2.9,1.0,4.4,0.55,60.97,8.365,3.341,1.3410000000000004
Trendon Watford,POR,22.0,203.2,107.501304,62,7.4,3.8,2.1,-7.1,0.625,64.14,8.504,4.551,2.4450000000000003
Taj Gibson,WAS,38.0,205.74,105.233344,49,3.4,1.9,0.7,-1.1,0.585,51.93,5.977999999999999,3.0290000000000004,1.0460000000000003
Tari Eason,HOU,22.0,203.2,97.52228,82,9.3,6.0,1.1,-4.8,0.525,58.82,8.918,5.336000000000001,1.0500000000000005
Tre Jones,SAS,23.0,185.42,83.91452,68,12.9,3.6,6.6,-7.8,0.534,61.83,15.340000000000003,3.731,6.418000000000001
Trae Young,ATL,24.0,185.42,74.389088,73,26.2,3.0,10.2,1.3,0.573,68.66,24.380000000000003,3.2489999999999997,9.148999999999997
Torrey Craig,PHX,32.0,200.66,100.243832,79,7.4,5.4,1.5,-3.7,0.5660000000000001,57.239999999999995,8.342,4.9750000000000005,1.4680000000000002
Tony Bradley,CHI,25.0,210.82,112.490816,12,1.6,0.9,0.1,9.9,0.69,31.600000000000005,4.031999999999998,2.5649999999999995,0.601999999999999
Tobias Harris,PHI,30.0,200.66,102.511792,74,14.7,5.7,2.5,5.5,0.602,71.35,16.093999999999998,5.778999999999999,2.993
Tim Hardaway Jr.,DAL,31.0,195.58,92.98636,71,14.4,3.5,1.8,3.4,0.5539999999999999,66.67,15.152000000000001,3.89,2.656
Thomas Bryant,DEN,25.0,208.28,112.490816,59,9.8,5.7,0.5,-4.7,0.682,51.94,8.183,4.896000000000001,0.8470000000000009
Theo Pinson,DAL,27.0,200.66,96.161504,40,2.4,1.6,1.2,-7.6,0.512,39.36999999999999,4.6259999999999994,2.279,1.3229999999999993
Theo Maledon,CHA,22.0,195.58,79.3786,44,6.7,2.8,3.5,-8.9,0.515,54.61,7.604000000000001,2.4850000000000003,3.136
Thanasis Antetokounmpo,MIL,30.0,200.66,99.336648,37,1.4,1.2,0.4,-26.6,0.4579999999999999,41.44,4.468,2.6419999999999995,0.8669999999999995
Thaddeus Young,TOR,35.0,203.2,106.59412,54,4.4,3.1,1.4,-5.6,0.573,40.85,4.993999999999998,2.6100000000000008,1.15
Terry Taylor,CHI,23.0,193.04,104.32616,31,2.9,1.5,0.3,4.5,0.557,50.28,4.410000000000001,2.309000000000001,0.9029999999999998
Terry Rozier,CHA,29.0,185.42,86.18248,63,21.1,4.1,5.1,-6.2,0.517,69.67,21.289,4.4079999999999995,5.385999999999999
Terrence Ross,PHX,32.0,200.66,93.439952,63,8.3,2.4,1.5,-2.6,0.544,58.34,6.633999999999999,1.9089999999999991,1.3500000000000003
Terence Davis,SAC,26.0,193.04,91.171992,64,6.7,2.2,1.0,4.0,0.563,60.879999999999995,8.17,2.5280000000000005,1.476
Terance Mann,LAC,26.0,195.58,97.52228,81,8.8,3.4,2.3,0.3,0.619,63.38,9.194,3.635,2.452
Taurean Prince,MIN,29.0,198.12,98.883056,54,9.1,2.4,1.6,0.9,0.597,59.06,7.170999999999999,2.137999999999999,1.3640000000000003
Talen Horton-Tucker,UTA,22.0,193.04,106.140528,65,10.7,3.2,3.8,0.1,0.508,61.28999999999999,10.523,3.183,3.636
Michael Foster Jr.,PHI,20.0,203.2,113.398,1,0.0,0.0,0.0,-100.0,0.0,25.68,3.5420000000000016,1.812000000000001,0.8549999999999995
Lindell Wigginton,MIL,25.0,185.42,85.728888,7,7.1,1.0,2.0,-20.2,0.61,34.769999999999996,6.289999999999997,1.8580000000000012,1.928
Micah Potter,UTA,25.0,203.2,112.490816,7,3.4,2.3,0.6,-4.2,0.8,40.85,4.648999999999997,2.5489999999999995,0.8220000000000001
Dennis Smith Jr.,CHA,25.0,187.96,92.98636,54,8.8,3.1,4.8,-2.6,0.475,63.760000000000005,9.727,2.755,4.436999999999999
Deonte Burton,SAC,29.0,193.04,108.86208,2,0.0,0.0,0.0,51.8,0.0,25.94000000000001,4.908000000000001,2.1930000000000005,1.0609999999999995
Dereon Seabron,NOP,23.0,195.58,81.64656,5,0.8,0.2,0.0,36.8,0.4,25.08000000000002,4.436999999999995,2.409,0.9669999999999994
Derrick Jones Jr.,CHI,26.0,198.12,95.25432,64,5.0,2.4,0.5,6.7,0.597,54.81,6.736000000000001,2.7620000000000005,1.0729999999999997
Derrick Rose,NYK,34.0,190.5,90.7184,27,5.6,1.5,1.7,-3.5,0.4629999999999999,39.599999999999994,4.9879999999999995,1.5810000000000008,1.5510000000000004
Derrick White,BOS,28.0,193.04,86.18248,82,12.4,3.6,3.9,11.0,0.604,70.25,12.485000000000001,3.509,3.9529999999999994
Desmond Bane,MEM,25.0,195.58,97.52228,58,21.5,5.0,4.4,9.0,0.606,66.96000000000001,21.980999999999998,5.127000000000001,4.531
Devin Booker,PHX,26.0,195.58,93.439952,53,27.8,4.5,5.5,6.2,0.601,62.67999999999999,26.025999999999996,4.9510000000000005,5.342999999999999
Devin Vassell,SAS,22.0,195.58,90.7184,38,18.5,3.9,3.6,-11.7,0.55,65.47999999999999,17.392999999999994,4.037,3.274
Devon Dotson,WAS,23.0,185.42,83.91452,6,0.5,1.7,1.3,-5.7,0.15,28.940000000000012,3.639999999999997,1.9919999999999995,1.1839999999999997
Devonte' Graham,SAS,28.0,185.42,88.45044,73,7.4,1.7,2.7,-6.2,0.552,65.6,8.315,2.2520000000000007,2.7680000000000002
Dewayne Dedmon,PHI,33.0,208.28,111.13004,38,5.2,3.5,0.7,-10.6,0.5770000000000001,35.47999999999999,4.743000000000003,3.4210000000000003,0.8879999999999995
Dillon Brooks,MEM,27.0,198.12,102.0582,73,14.3,3.3,2.6,4.9,0.494,72.09,16.257999999999996,3.959,3.066
Domantas Sabonis,SAC,27.0,215.9,108.86208,79,19.1,12.3,7.3,3.9,0.6679999999999999,62.290000000000006,22.762999999999998,9.898000000000001,6.2029999999999985
Dominick Barlow,SAS,20.0,205.74,97.52228,28,3.9,3.6,0.9,-10.7,0.5670000000000001,38.6,4.028000000000001,2.6350000000000002,0.6789999999999998
Donovan Mitchell,CLE,26.0,185.42,97.52228,68,28.3,4.3,4.4,5.9,0.614,70.75999999999999,25.387,4.811,4.677000000000001
Donovan Williams,ATL,21.0,198.12,86.18248,2,2.0,1.0,0.0,60.0,0.4,18.47,5.126999999999998,1.7250000000000005,0.9449999999999996
Donte DiVincenzo,GSW,26.0,193.04,92.079176,72,9.4,4.5,3.5,2.9,0.593,67.12,9.559000000000001,3.78,2.91
Dorian Finney-Smith,BKN,30.0,200.66,99.79024,66,8.3,4.8,1.5,-0.3,0.523,55.14,7.404,3.68,1.442
Dennis Schroder,LAL,29.0,185.42,78.017824,66,12.6,2.5,4.5,2.8,0.545,67.16000000000001,11.555000000000001,2.865,4.185
Doug McDermott,SAS,31.0,198.12,102.0582,64,10.2,2.2,1.4,-9.7,0.59,58.97,8.173,2.292,1.3719999999999999
Deni Avdija,WAS,22.0,205.74,95.25432,76,9.2,6.4,2.8,-0.8,0.535,67.05000000000001,10.648,6.087999999999999,2.862
Dejounte Murray,ATL,26.0,195.58,81.64656,74,20.5,5.3,6.1,-1.1,0.54,59.52,19.41599999999999,4.924000000000001,5.568
Danny Green,CLE,36.0,198.12,97.52228,11,5.5,1.3,0.5,-5.5,0.617,34.779999999999994,4.974000000000003,2.133000000000001,0.8890000000000007
Danuel House Jr.,PHI,30.0,198.12,99.79024,56,4.8,1.7,0.8,0.3,0.6,50.97,6.849,2.4140000000000006,1.0870000000000006
Dario Saric,OKC,29.0,208.28,102.0582,57,6.4,3.6,1.3,1.6,0.583,45.849999999999994,6.793000000000001,3.699,1.2320000000000009
Darius Bazley,PHX,23.0,205.74,97.975872,43,5.2,3.2,0.9,-3.6,0.524,47.48,5.608000000000001,2.8550000000000004,1.0180000000000007
Darius Days,HOU,23.0,200.66,111.13004,4,3.8,1.5,0.3,-0.2,0.5820000000000001,24.749999999999996,4.7280000000000015,2.2539999999999996,0.6990000000000003
Darius Garland,CLE,23.0,185.42,87.089664,69,21.6,2.7,7.8,8.0,0.5870000000000001,67.14000000000001,22.063999999999993,3.3129999999999997,7.485000000000005
David Duke Jr.,BKN,23.0,193.04,92.532768,23,3.7,1.3,0.9,-6.3,0.497,43.42,5.525999999999998,2.1800000000000006,1.208
David Roddy,MEM,22.0,193.04,115.66596,70,6.7,2.8,0.8,-1.9,0.519,63.22999999999999,8.252,3.458,1.5630000000000002
Davion Mitchell,SAC,24.0,182.88,91.625584,80,5.6,1.3,2.3,2.7,0.545,52.62,6.568,2.2510000000000003,2.267
Davis Bertans,DAL,30.0,208.28,102.0582,45,4.6,1.2,0.5,-4.3,0.618,56.85,6.959999999999999,3.0350000000000006,1.1440000000000003
Davon Reed,LAL,28.0,195.58,93.439952,43,2.1,1.4,0.5,-14.1,0.471,28.450000000000003,3.406000000000005,1.8439999999999988,0.7619999999999998
Day'Ron Sharpe,BKN,21.0,205.74,120.20188,48,4.7,4.2,0.8,-8.8,0.581,32.25,4.635,3.2910000000000004,0.7020000000000002
De'Aaron Fox,SAC,25.0,190.5,83.91452,73,25.0,4.2,6.1,3.1,0.599,60.49,27.278,5.393,6.095999999999998
De'Andre Hunter,ATL,25.0,203.2,100.243832,67,15.4,4.2,1.4,-0.6,0.563,66.1,16.084,4.268,2.297
De'Anthony Melton,PHI,25.0,187.96,90.7184,77,10.1,4.1,2.6,2.7,0.5660000000000001,70.57,9.875,3.6189999999999998,2.627
DeAndre Jordan,DEN,34.0,210.82,120.20188,39,5.1,5.2,0.9,-8.4,0.731,39.9,5.377,4.237,0.8350000000000004
DeMar DeRozan,CHI,33.0,198.12,99.79024,74,24.5,4.6,5.1,1.5,0.5920000000000001,68.62,23.749000000000002,4.761,4.823999999999999
Dean Wade,CLE,26.0,205.74,103.418976,44,4.7,3.4,0.8,6.5,0.55,38.93,4.648999999999997,2.505000000000001,0.8419999999999992
Deandre Ayton,PHX,24.0,213.36,113.398,67,18.0,10.0,1.7,0.0,0.617,65.03,16.531000000000006,9.143000000000004,2.015
Delon Wright,WAS,31.0,195.58,83.91452,50,7.4,3.6,3.9,3.2,0.581,59.260000000000005,7.959000000000001,3.2729999999999992,2.9300000000000006
Draymond Green,GSW,33.0,198.12,104.32616,73,8.5,7.2,6.8,7.0,0.5920000000000001,65.65,12.362,5.427,4.481
Drew Eubanks,POR,26.0,208.28,111.13004,78,6.6,5.4,1.3,-4.1,0.6659999999999999,61.87,7.596,5.58,1.456
Dru Smith,BKN,25.0,190.5,92.079176,15,2.9,1.6,1.5,-8.8,0.475,40.47999999999999,4.140000000000003,1.6900000000000004,1.4789999999999999
George Hill,IND,37.0,193.04,85.275296,46,5.0,1.8,2.4,1.9,0.61,51.81,6.244,2.0260000000000007,2.559
Georges Niang,PHI,30.0,200.66,104.32616,78,8.2,2.4,1.0,1.3,0.61,70.75999999999999,8.211999999999996,2.59,1.1880000000000008
Giannis Antetokounmpo,MIL,28.0,213.36,110.222856,63,31.1,11.8,5.7,7.2,0.605,64.35000000000002,31.21499999999999,11.047999999999991,5.645
Goga Bitadze,ORL,23.0,210.82,113.398,38,4.4,3.6,1.0,3.7,0.5820000000000001,33.050000000000004,4.071999999999999,3.0580000000000003,0.8309999999999986
Goran Dragic,MIL,37.0,193.04,86.18248,58,6.3,1.4,2.6,-0.6,0.514,53.85,6.490999999999996,1.790999999999999,2.4829999999999997
Gordon Hayward,CHA,33.0,200.66,102.0582,50,14.7,4.3,4.1,-3.3,0.563,67.6,14.337,4.093,3.423
Gorgui Dieng,SAS,33.0,208.28,112.490816,31,3.9,3.5,1.7,-18.6,0.493,36.41,5.685999999999999,3.4939999999999998,1.8970000000000002
Grant Williams,BOS,24.0,198.12,107.047712,79,8.1,4.6,1.7,5.9,0.605,61.47,8.676,4.4079999999999995,1.6979999999999995
Grayson Allen,MIL,27.0,193.04,89.811216,72,10.4,3.3,2.3,4.9,0.612,66.86999999999999,10.753,3.441,2.463
Greg Brown III,POR,21.0,200.66,93.439952,16,1.8,1.2,0.2,-3.4,0.421,31.61,4.218000000000001,2.3609999999999993,0.732
Hamidou Diallo,DET,24.0,195.58,91.625584,56,9.3,3.5,1.0,-0.6,0.593,64.24,9.151,4.05,1.4140000000000004
Harrison Barnes,SAC,31.0,203.2,102.0582,82,15.0,4.5,1.6,4.8,0.632,64.25,16.906999999999996,4.501,2.5029999999999997
Haywood Highsmith,MIA,26.0,195.58,99.79024,54,4.4,3.5,0.8,-5.2,0.517,43.35,5.537000000000001,2.623000000000001,1.0509999999999997
Herbert Jones,NOP,24.0,200.66,93.439952,66,9.8,4.1,2.5,3.9,0.5670000000000001,63.47,10.911999999999999,3.898,2.409
Immanuel Quickley,NYK,24.0,187.96,86.18248,81,14.9,4.2,3.4,6.2,0.578,65.76,14.857,3.856,3.2889999999999997
Isaac Okoro,CLE,22.0,195.58,102.0582,76,6.4,2.5,1.1,5.4,0.614,67.5,8.163,3.223,1.471
Isaiah Hartenstein,NYK,25.0,213.36,113.398,82,5.0,6.5,1.2,4.4,0.5670000000000001,65.63999999999999,7.866000000000001,7.216999999999999,1.7280000000000002
Isaiah Jackson,IND,21.0,205.74,92.98636,63,7.2,4.5,0.8,-5.6,0.595,53.7,7.635,4.643000000000001,1.2039999999999995
Isaiah Joe,OKC,23.0,190.5,74.84268,73,9.5,2.4,1.2,5.1,0.626,65.98,9.102,2.7450000000000006,1.754
Gary Trent Jr.,TOR,24.0,195.58,94.800728,66,17.4,2.6,1.6,-2.1,0.56,65.66999999999999,17.57099999999999,3.641,2.6340000000000003
Gary Payton II,GSW,30.0,187.96,88.45044,22,4.6,3.1,1.4,5.4,0.701,37.58,4.0419999999999945,2.2159999999999993,1.2059999999999993
Gary Harris,ORL,28.0,193.04,95.25432,48,8.3,2.0,1.2,-2.8,0.62,55.77,7.52,2.404,1.3380000000000005
Garrison Mathews,ATL,26.0,198.12,97.52228,54,4.8,1.4,0.5,-6.4,0.573,50.88,6.585999999999999,2.2380000000000018,1.0470000000000002
Duane Washington Jr.,NYK,23.0,187.96,89.357624,31,7.9,1.2,2.0,-0.5,0.4579999999999999,45.4,7.615,1.954,2.224
Duncan Robinson,MIA,29.0,200.66,97.52228,42,6.4,1.6,1.1,-5.0,0.534,48.47,7.566000000000001,2.4560000000000013,1.4890000000000003
Dwight Powell,DAL,31.0,208.28,108.86208,76,6.7,4.1,0.9,6.2,0.738,62.72999999999999,8.034,5.127000000000001,1.4469999999999998
Dylan Windler,CLE,26.0,200.66,88.904032,3,1.7,0.0,0.3,4.4,0.833,22.170000000000012,5.133000000000002,2.1640000000000006,1.2629999999999995
Dyson Daniels,NOP,20.0,200.66,90.264808,59,3.8,3.2,2.3,0.4,0.503,33.94,4.778999999999996,2.490000000000001,1.9110000000000003
Edmond Sumner,BKN,27.0,193.04,88.904032,53,7.1,1.5,1.3,1.7,0.597,55.13,7.575,2.2380000000000004,1.5970000000000004
Eric Gordon,LAC,34.0,190.5,97.52228,69,12.4,1.9,2.7,-5.8,0.5870000000000001,68.32000000000001,11.293000000000001,2.467999999999999,2.6690000000000005
Eugene Omoruyi,DET,26.0,198.12,106.59412,40,7.0,2.8,0.7,-1.9,0.5329999999999999,54.78,7.276000000000001,3.3520000000000003,1.2470000000000003
Evan Fournier,NYK,30.0,198.12,92.98636,27,6.1,1.8,1.3,-4.7,0.471,41.72,5.767999999999997,2.171000000000001,1.2550000000000003
Daniel Theis,IND,31.0,203.2,111.13004,7,7.0,3.1,1.3,-8.2,0.497,43.88999999999999,5.788000000000002,2.7590000000000003,1.0210000000000004
Evan Mobley,CLE,22.0,210.82,97.52228,79,16.2,9.0,2.8,6.5,0.591,68.53,15.3,8.436000000000003,2.553
Frank Jackson,UTA,25.0,190.5,92.98636,1,0.0,2.0,1.0,-22.2,0.0,24.38000000000002,5.531999999999998,2.278999999999999,1.3019999999999996
Frank Kaminsky,HOU,30.0,213.36,108.86208,36,2.5,1.4,0.9,-1.9,0.635,43.16,4.946999999999999,3.052,1.1379999999999992
Frank Ntilikina,DAL,24.0,193.04,90.7184,47,2.9,1.3,1.2,5.1,0.461,50.54,5.340999999999998,1.855,1.5179999999999998
Franz Wagner,ORL,21.0,208.28,99.79024,80,18.6,4.1,3.5,1.2,0.589,65.57,19.279999999999994,4.5169999999999995,3.5699999999999994
Fred VanVleet,TOR,29.0,182.88,89.357624,69,19.3,4.1,7.2,3.3,0.54,66.27000000000001,18.708,4.104,6.548
Furkan Korkmaz,PHI,25.0,200.66,91.625584,37,3.8,1.1,0.6,1.4,0.552,45.82,6.085999999999998,2.1350000000000007,1.1560000000000001
Gabe Vincent,MIA,27.0,187.96,90.7184,68,9.4,2.1,2.5,-0.7,0.5329999999999999,63.61,8.983,2.37,2.551
Gabe York,IND,29.0,190.5,86.18248,3,8.0,2.0,1.7,17.4,0.5479999999999999,43.129999999999995,7.478000000000001,2.240000000000001,1.584
Garrett Temple,NOP,37.0,198.12,88.45044,25,2.0,0.7,0.5,-5.3,0.535,33.730000000000004,3.4680000000000017,1.8589999999999995,0.7669999999999988
Facundo Campazzo,DAL,32.0,177.8,88.45044,8,1.3,0.3,1.1,11.0,0.36,24.19000000000002,3.3579999999999997,1.7669999999999995,1.4349999999999998
Daniel Gafford,WAS,24.0,208.28,106.140528,78,9.0,5.6,1.1,-2.5,0.7390000000000001,62.3,8.523,5.436999999999999,1.113
Damion Lee,PHX,30.0,195.58,95.25432,74,8.2,3.0,1.3,2.7,0.607,69.66,9.036999999999999,3.5300000000000002,1.5319999999999998
Damian Lillard,POR,32.0,187.96,88.45044,58,32.2,4.8,7.3,2.1,0.645,59.849999999999994,27.309999999999995,4.957999999999999,7.813000000000001
Anthony Gill,WAS,30.0,203.2,104.32616,59,3.3,1.7,0.6,-0.8,0.604,50.31,6.799000000000001,2.6760000000000006,1.0110000000000001
Anthony Lamb,GSW,25.0,198.12,102.965384,62,6.7,3.5,1.5,1.7,0.61,59.33,7.663,3.846,1.612
Austin Reaves,LAL,25.0,195.58,89.357624,64,13.0,3.0,3.4,4.9,0.687,68.91,12.665,3.0050000000000003,3.4229999999999996
Austin Rivers,MIN,30.0,193.04,90.7184,52,4.9,1.6,1.4,-4.9,0.564,52.35,6.430999999999999,2.0910000000000006,1.6600000000000001
Ayo Dosunmu,CHI,23.0,195.58,90.7184,80,8.6,2.8,2.6,-1.3,0.5670000000000001,67.76,9.997,3.0220000000000002,2.811
Bam Adebayo,MIA,25.0,205.74,115.66596,75,20.4,9.2,3.2,1.8,0.5920000000000001,55.08,20.49500000000001,9.241999999999997,3.3420000000000005
Ben Simmons,BKN,26.0,208.28,108.86208,42,6.9,6.3,6.1,2.1,0.5589999999999999,61.17,12.349,5.547999999999998,3.715
Bennedict Mathurin,IND,21.0,195.58,95.25432,78,16.7,4.1,1.5,-4.3,0.5660000000000001,62.019999999999996,17.291999999999998,4.607,2.539
Bismack Biyombo,PHX,30.0,203.2,115.66596,61,4.3,4.3,0.9,3.1,0.555,42.099999999999994,5.630000000000002,3.518,0.8919999999999999
Blake Griffin,BOS,34.0,205.74,113.398,41,4.1,3.8,1.5,9.9,0.59,38.99999999999999,5.071999999999999,3.62,1.327
Blake Wesley,SAS,20.0,193.04,83.91452,37,5.0,2.2,2.6,-13.4,0.3929999999999999,45.410000000000004,5.972999999999998,1.933,2.525
Boban Marjanovic,HOU,34.0,223.52,131.54168,31,3.3,1.9,0.3,18.5,0.71,41.14000000000001,4.688,3.3870000000000005,0.659999999999999
Bobby Portis,MIL,28.0,210.82,113.398,70,14.1,9.6,1.5,-0.1,0.575,65.08999999999999,14.554999999999996,9.447000000000005,1.7420000000000004
Bogdan Bogdanovic,ATL,30.0,195.58,102.0582,54,14.0,3.1,2.8,1.2,0.586,71.34,14.148000000000003,3.3960000000000004,3.1060000000000008
Bojan Bogdanovic,DET,34.0,200.66,102.511792,59,21.6,3.8,2.6,-8.2,0.627,66.76,20.768,4.592,3.0669999999999993
Bol Bol,ORL,23.0,218.44,99.79024,70,9.1,5.8,1.0,-4.4,0.603,53.85,7.917,4.491,0.9990000000000008
Bones Hyland,LAC,22.0,187.96,76.657048,56,11.8,2.4,3.1,-5.3,0.535,57.32,10.655000000000001,2.641,3.3599999999999994
Bradley Beal,WAS,30.0,193.04,93.893544,50,23.2,3.9,5.4,0.7,0.593,66.98,24.306999999999995,4.411,5.510999999999999
Brandon Boston Jr.,LAC,21.0,198.12,85.275296,22,6.5,1.4,0.9,-7.7,0.515,41.53,5.79,2.1920000000000006,1.2050000000000003
Anthony Edwards,MIN,21.0,193.04,102.0582,79,24.6,5.8,4.4,1.9,0.564,69.85,24.824,5.880000000000001,4.247000000000002
Anthony Davis,LAL,30.0,208.28,114.758776,56,25.9,12.5,2.6,4.8,0.627,50.18,23.228,10.219999999999995,3.755
Anfernee Simons,POR,24.0,190.5,82.10015200000001,62,21.1,2.6,4.1,-1.6,0.581,69.81,21.48699999999999,3.826,4.378000000000001
Andrew Wiggins,GSW,28.0,200.66,89.357624,37,17.1,5.0,2.3,5.2,0.564,55.86,16.549999999999997,5.065,2.586
A.J. Lawson,DAL,22.0,198.12,81.19296800000001,15,3.7,1.4,0.1,-20.1,0.589,28.840000000000007,4.064000000000001,1.9839999999999998,0.635
AJ Green,MIL,23.0,195.58,86.18248,35,4.4,1.3,0.6,-4.9,0.607,50.62,6.351999999999997,2.422000000000001,1.258
AJ Griffin,ATL,19.0,198.12,99.79024,72,8.9,2.1,1.0,1.5,0.5770000000000001,61.11,8.285,2.3549999999999995,1.3650000000000007
Aaron Gordon,DEN,27.0,203.2,106.59412,68,16.3,6.6,3.0,12.1,0.617,70.13000000000001,14.467999999999998,6.767,2.923
Aaron Holiday,ATL,26.0,182.88,83.91452,63,3.9,1.2,1.4,0.9,0.528,53.73,5.775999999999998,1.9060000000000017,1.771
Aaron Nesmith,IND,23.0,195.58,97.52228,73,10.1,3.8,1.3,-4.7,0.5660000000000001,63.03,9.444,3.809,1.517
Aaron Wiggins,OKC,24.0,195.58,86.18248,70,6.8,3.0,1.1,1.5,0.607,64.8,8.642,3.755,1.6189999999999998
Admiral Schofield,ORL,26.0,195.58,109.315672,37,4.2,1.7,0.8,-8.3,0.5870000000000001,49.64,6.0840000000000005,2.415000000000001,1.1380000000000001
Al Horford,BOS,37.0,205.74,108.86208,63,9.8,6.2,3.0,7.8,0.631,65.09,9.748,5.9399999999999995,2.46
Brandon Clarke,MEM,26.0,203.2,97.52228,56,10.0,5.5,1.3,0.7,0.6809999999999999,47.04,7.75,4.193,1.122
Alec Burks,DET,31.0,198.12,97.068688,51,12.8,3.1,2.2,-1.0,0.602,63.89,11.561,3.106,2.423
Alex Caruso,CHI,29.0,195.58,84.368112,67,5.6,2.9,2.9,6.1,0.588,57.46,7.851000000000003,3.0140000000000002,3.3039999999999994
Alex Len,SAC,30.0,218.44,113.398,26,1.7,2.3,0.5,6.6,0.58,38.19,3.8590000000000027,2.7909999999999995,0.6249999999999993
Alize Johnson,SAS,27.0,203.2,96.161504,4,1.8,2.5,0.3,19.0,0.509,22.499999999999986,3.011000000000002,1.9959999999999993,0.5869999999999995
Alondes Williams,BKN,24.0,193.04,95.25432,1,0.0,1.0,0.0,-53.0,0.0,16.989999999999995,4.3589999999999955,1.787,0.8779999999999999
Alperen Sengun,HOU,20.0,210.82,110.222856,75,14.8,9.0,3.9,-7.8,0.599,62.31,15.224,8.568000000000003,3.083
Amir Coffey,LAC,26.0,200.66,95.25432,50,3.4,1.1,1.1,-8.9,0.498,41.94,5.187999999999998,1.8079999999999994,1.256
Andre Drummond,CHI,29.0,210.82,126.552168,67,6.0,6.6,0.5,2.6,0.606,50.74,6.765,5.108,0.937
Andre Iguodala,GSW,39.0,198.12,97.52228,8,2.1,2.1,2.4,12.0,0.521,36.08999999999999,4.598,2.156,1.6360000000000001
Andrew Nembhard,IND,23.0,190.5,86.636072,75,9.5,2.7,4.5,-5.9,0.528,69.57000000000001,10.255,2.927,4.156999999999998
Aleksej Pokusevski,OKC,21.0,213.36,95.25432,34,8.1,4.7,1.9,-12.7,0.522,57.629999999999995,9.581999999999999,4.950000000000001,2.265
Isaiah Livers,DET,24.0,198.12,105.233344,52,6.7,2.8,0.8,-7.8,0.5670000000000001,49.47,6.740999999999999,2.6390000000000002,1.2469999999999999
Brandon Ingram,NOP,25.0,203.2,86.18248,45,24.7,5.5,5.8,3.0,0.5820000000000001,54.49,25.185000000000002,5.8469999999999995,5.2829999999999995
Brook Lopez,MIL,35.0,215.9,127.912944,78,15.9,6.7,1.3,7.1,0.63,66.60999999999999,14.917999999999996,7.494,1.8690000000000002
Chris Silva,DAL,26.0,203.2,106.140528,1,2.0,0.0,0.0,12.5,1.0,20.389999999999993,4.2419999999999956,1.7100000000000009,0.8439999999999992
Christian Braun,DEN,22.0,198.12,99.79024,76,4.7,2.4,0.8,-4.3,0.568,57.0,7.573999999999999,3.0130000000000003,1.3770000000000002
Christian Koloko,TOR,23.0,213.36,104.32616,58,3.1,2.9,0.5,9.0,0.517,44.03,5.251999999999999,2.8460000000000005,0.7429999999999994
Christian Wood,DAL,27.0,205.74,97.068688,67,16.6,7.3,1.8,-1.3,0.624,64.75999999999999,15.919,7.239999999999997,2.112
Chuma Okeke,ORL,24.0,203.2,103.872568,27,4.7,3.6,1.4,-10.8,0.488,37.97,4.178999999999998,2.5439999999999996,1.0719999999999996
Clint Capela,ATL,29.0,208.28,116.119552,65,12.0,11.0,0.9,-1.1,0.6559999999999999,65.28,12.399000000000001,10.474000000000006,1.2590000000000008
Coby White,CHI,23.0,195.58,88.45044,74,9.7,2.9,2.8,4.0,0.5720000000000001,67.72,10.925,2.969,2.8680000000000003
Cody Martin,CHA,27.0,198.12,92.98636,7,5.0,3.4,1.6,-9.7,0.4479999999999999,32.19,5.001000000000001,2.372,1.172
Cody Zeller,MIA,30.0,210.82,108.86208,15,6.5,4.3,0.7,-10.3,0.659,38.31999999999999,6.593000000000002,4.025,0.7269999999999999
Cole Anthony,ORL,23.0,190.5,83.91452,60,13.0,4.8,3.9,-0.1,0.57,62.98,11.169,3.893,3.328
Cole Swider,LAL,24.0,205.74,99.79024,7,1.3,1.0,0.6,3.3,0.5,38.18,3.9370000000000003,2.278999999999999,0.7860000000000003
Collin Sexton,UTA,24.0,187.96,86.18248,48,14.3,2.2,2.9,0.1,0.616,62.989999999999995,13.918,2.97,3.271
Corey Kispert,WAS,24.0,198.12,101.604608,74,11.1,2.8,1.2,-3.2,0.657,63.980000000000004,9.101,2.872,1.435
Cory Joseph,DET,31.0,190.5,90.7184,62,6.9,1.7,3.5,-4.1,0.5579999999999999,60.64,7.860000000000001,2.2490000000000006,3.3150000000000004
D'Angelo Russell,LAL,27.0,193.04,87.543256,71,17.8,3.0,6.2,1.5,0.605,65.69,17.154,3.61,6.179
Daishen Nix,HOU,21.0,193.04,102.511792,57,4.0,1.7,2.3,-8.2,0.447,39.7,4.756999999999998,1.785000000000001,1.9750000000000003
Dalano Banton,TOR,23.0,200.66,92.532768,31,4.6,1.5,1.2,-6.5,0.505,42.14,5.6199999999999966,2.4090000000000007,1.6000000000000005
Dalen Terry,CHI,20.0,200.66,88.45044,38,2.2,1.0,0.6,3.3,0.523,31.499999999999996,4.301000000000001,2.2769999999999992,1.0409999999999997
Damian Jones,UTA,28.0,210.82,111.13004,41,3.5,3.0,0.4,-9.0,0.7190000000000001,46.58,5.400999999999998,3.718,0.647999999999999
Chris Paul,PHX,38.0,182.88,79.3786,59,13.9,4.3,8.9,2.3,0.555,58.01,14.843999999999998,4.127,7.394000000000004
Chris Duarte,IND,26.0,195.58,86.18248,46,7.9,2.5,1.4,-6.2,0.496,53.7,7.580000000000001,2.3440000000000003,1.5100000000000002
Chris Boucher,TOR,30.0,205.74,90.7184,76,9.4,5.5,0.4,-1.3,0.59,67.63,9.712,5.471000000000001,0.830000000000001
Chimezie Metu,SAC,26.0,205.74,102.0582,66,4.9,3.0,0.6,6.7,0.639,48.84,6.232000000000001,3.398,1.0240000000000002
Bruce Brown,DEN,26.0,193.04,91.625584,80,11.5,4.1,3.4,0.8,0.5710000000000001,70.39,11.049,3.519,3.007
Bruno Fernando,ATL,24.0,208.28,108.86208,39,3.9,3.5,0.8,-8.9,0.5710000000000001,30.30000000000001,4.367000000000001,3.2600000000000007,0.8039999999999996
Bryce McGowens,CHA,20.0,198.12,79.3786,46,5.3,2.0,1.2,-9.7,0.519,44.790000000000006,5.991999999999997,1.9689999999999996,1.295
Bryn Forbes,MIN,29.0,187.96,92.98636,25,3.6,0.6,0.7,-8.5,0.497,44.79,5.330999999999997,2.1340000000000003,1.0999999999999996
Buddy Boeheim,DET,23.0,198.12,92.98636,10,1.6,0.6,0.4,2.7,0.287,34.22999999999999,3.492,2.006,0.7840000000000003
Buddy Hield,IND,30.0,193.04,99.79024,80,16.8,5.0,2.8,-1.9,0.614,70.9,17.617999999999995,4.820000000000001,2.877
CJ McCollum,NOP,31.0,190.5,86.18248,75,20.9,4.4,5.7,1.1,0.541,68.85,21.864000000000004,4.566,5.465999999999999
Cade Cunningham,DET,21.0,200.66,99.79024,12,19.9,6.2,6.0,-6.1,0.492,46.06,21.105000000000008,5.694999999999999,5.995000000000002
Caleb Houstan,ORL,20.0,203.2,92.98636,51,3.8,1.9,0.6,-5.3,0.508,46.739999999999995,5.889999999999999,2.248000000000001,1.036999999999999
Braxton Key,DET,26.0,203.2,102.0582,3,1.3,0.3,0.0,-4.5,1.064,27.939999999999994,3.043999999999995,1.7350000000000003,0.6729999999999992
Caleb Martin,MIA,27.0,195.58,92.98636,71,9.6,4.8,1.6,0.0,0.5710000000000001,59.05,8.578000000000001,3.885,1.725
Cam Thomas,BKN,21.0,190.5,95.25432,57,10.6,1.7,1.4,-1.6,0.5670000000000001,58.76,9.506,2.3310000000000013,1.834
Cameron Johnson,BKN,27.0,203.2,95.25432,42,15.5,4.4,1.9,6.6,0.617,60.93,15.545000000000002,4.393000000000001,2.2159999999999997
Cameron Payne,PHX,28.0,185.42,83.007336,48,10.3,2.2,4.5,4.1,0.512,50.93,10.036,2.3950000000000005,4.091
Caris LeVert,CLE,28.0,198.12,92.98636,74,12.1,3.8,3.9,4.5,0.546,70.25999999999999,11.83,3.488,3.4859999999999998
Carlik Jones,CHI,25.0,182.88,78.92500799999999,7,2.9,0.7,0.9,20.7,0.54,19.819999999999993,4.9730000000000025,2.3210000000000006,1.472
Cedi Osman,CLE,28.0,200.66,104.32616,77,8.7,2.3,1.5,7.5,0.579,66.63000000000001,7.907,2.476,1.371
Chance Comanche,POR,27.0,208.28,95.25432,1,7.0,3.0,0.0,-68.1,0.518,37.55,5.188,2.4209999999999994,0.8990000000000002
Charles Bassey,SAS,22.0,205.74,104.32616,35,5.7,5.5,1.4,-2.4,0.6579999999999999,49.23,6.498999999999999,4.703,1.349
Chima Moneke,SAC,27.0,195.58,101.151016,2,1.0,1.0,0.5,-57.2,0.347,25.530000000000005,5.401999999999998,2.337,1.1609999999999996
Cam Reddish,POR,23.0,200.66,98.429464,40,9.7,2.2,1.4,-9.0,0.561,51.4,8.02,2.2410000000000005,1.5550000000000002
Michael Carter-Williams,ORL,31.0,195.58,86.18248,4,4.3,1.3,1.8,-32.4,0.498,20.179999999999986,5.319999999999999,1.880000000000002,1.4790000000000005
Isaiah Mobley,CLE,23.0,203.2,107.954896,12,2.6,1.7,0.3,19.8,0.521,27.43,3.461999999999998,2.0609999999999995,0.5319999999999994
Isaiah Stewart,DET,22.0,203.2,113.398,50,11.3,8.1,1.4,-8.0,0.56,57.03,10.812,6.6030000000000015,1.4310000000000003
Kenyon Martin Jr.,HOU,22.0,200.66,97.52228,82,12.7,5.5,1.5,-8.0,0.635,60.81999999999999,12.139,4.805,1.9109999999999998
Keon Ellis,SAC,23.0,190.5,79.3786,16,1.5,0.5,0.4,-14.3,0.629,33.75,3.9689999999999985,2.2310000000000008,1.1679999999999997
Keon Johnson,POR,21.0,190.5,83.91452,40,4.7,1.1,1.5,-16.2,0.482,39.470000000000006,5.462999999999999,1.6179999999999994,1.6119999999999999
Kessler Edwards,SAC,22.0,200.66,92.079176,36,2.8,1.7,0.6,2.2,0.502,37.87,4.623999999999997,2.0490000000000004,0.8959999999999995
Kevin Durant,PHX,34.0,208.28,108.86208,47,29.1,6.7,5.0,6.8,0.677,57.96,26.714000000000013,6.833999999999998,5.1419999999999995
Kevin Huerter,SAC,24.0,200.66,89.811216,75,15.2,3.3,2.9,4.5,0.617,67.38,16.652,3.988,3.3309999999999995
Kevin Knox II,POR,23.0,200.66,97.52228,63,6.6,2.8,0.5,-11.4,0.579,57.17,7.612,3.1390000000000002,1.28
Kevin Love,MIA,34.0,203.2,113.851592,62,8.2,6.4,1.9,3.9,0.5479999999999999,58.48,8.989,5.683,1.844
Kevin Porter Jr.,HOU,23.0,193.04,92.079176,59,19.2,5.3,5.7,-8.3,0.565,61.5,17.665999999999997,4.61,4.702999999999997
Kevon Harris,ORL,26.0,198.12,97.975872,34,4.1,2.1,0.5,0.3,0.564,47.09,5.601000000000001,2.4260000000000015,0.8549999999999995
Kevon Looney,GSW,27.0,205.74,100.697424,82,7.0,9.3,2.5,4.4,0.639,58.17,8.872,8.767000000000005,1.967
Khem Birch,SAS,30.0,203.2,105.68693600000002,20,2.2,1.3,0.4,2.8,0.629,39.96,3.671999999999997,2.2529999999999983,0.575999999999999
Khris Middleton,MIL,31.0,200.66,100.697424,33,15.1,4.2,4.9,6.1,0.551,56.660000000000004,16.480999999999995,4.438000000000001,4.8569999999999975
Killian Hayes,DET,21.0,195.58,88.45044,76,10.3,2.9,6.2,-10.9,0.455,58.24,11.605,3.039,5.045
Kira Lewis Jr.,NOP,22.0,185.42,77.11064,25,4.6,1.3,0.9,11.2,0.584,41.21,5.411999999999997,2.2260000000000004,1.2039999999999997
Klay Thompson,GSW,33.0,198.12,99.79024,69,21.9,4.1,2.4,2.9,0.5760000000000001,67.30000000000001,21.833,4.851,3.29
Kobi Simmons,CHA,25.0,195.58,81.64656,5,1.0,0.8,1.0,-34.9,0.363,30.260000000000012,3.711999999999998,2.061000000000001,1.3309999999999993
Kris Dunn,UTA,29.0,190.5,92.98636,22,13.2,4.5,5.6,-4.3,0.606,57.82,12.618,3.985,4.871999999999998
Kristaps Porzingis,WAS,27.0,220.98,108.86208,65,23.2,8.4,2.7,1.4,0.627,52.07,22.124000000000002,9.330999999999996,3.5840000000000005
Kentavious Caldwell-Pope,DEN,30.0,195.58,92.532768,76,10.8,2.7,2.4,9.8,0.598,68.91000000000001,11.724,3.143,2.508
Kyle Anderson,MIN,29.0,205.74,104.32616,69,9.4,5.3,4.9,2.3,0.583,66.71000000000001,11.619,4.958,4.055
Kenrich Williams,OKC,28.0,198.12,95.25432,53,8.0,4.9,2.0,4.1,0.585,62.09,8.716,4.189,1.896
Kennedy Chandler,MEM,20.0,180.34,77.11064,36,2.2,1.1,1.6,-5.4,0.44,37.9,4.42,1.824,1.779
Julius Randle,NYK,28.0,203.2,113.398,77,25.1,10.0,4.1,2.7,0.581,59.150000000000006,24.963999999999995,9.395999999999997,4.161999999999998
Justin Champagnie,BOS,22.0,198.12,93.439952,5,2.2,1.6,0.8,-9.5,0.367,23.869999999999994,4.856999999999998,2.2540000000000004,0.9010000000000005
Justin Holiday,DAL,34.0,198.12,81.64656,46,4.5,1.2,0.9,-9.1,0.494,41.17,5.457999999999999,1.809,1.137
Justin Jackson,BOS,28.0,203.2,99.79024,23,0.9,0.7,0.4,-28.3,0.359,43.09,3.761000000000001,2.0669999999999993,0.7979999999999989
Justin Minaya,POR,24.0,200.66,95.25432,4,4.3,3.8,1.0,-12.0,0.363,35.75999999999999,5.519000000000002,2.4489999999999994,1.004
Justise Winslow,POR,27.0,198.12,100.697424,29,6.8,5.0,3.4,-2.6,0.466,52.76,7.9350000000000005,4.056,2.6950000000000003
Jusuf Nurkic,POR,28.0,213.36,131.54168,52,13.3,9.1,2.9,0.3,0.589,58.3,13.199000000000002,8.690000000000005,2.695
KZ Okpala,SAC,24.0,203.2,97.52228,35,1.3,1.0,0.4,1.5,0.5539999999999999,46.38999999999999,4.612,2.3820000000000006,0.8979999999999992
Kai Jones,CHA,22.0,210.82,100.243832,46,3.4,2.7,0.3,-3.1,0.597,47.87,5.418000000000002,3.2329999999999997,0.7159999999999991
Karl-Anthony Towns,MIN,27.0,213.36,112.490816,29,20.8,8.1,4.8,1.8,0.618,63.379999999999995,23.57699999999999,8.268999999999997,4.905000000000001
Kawhi Leonard,LAC,32.0,200.66,102.0582,52,23.8,6.5,3.9,6.1,0.623,65.97,23.922,6.691000000000001,4.386000000000001
Keegan Murray,SAC,22.0,203.2,102.0582,80,12.2,4.6,1.2,1.7,0.597,61.09,12.42,4.4159999999999995,1.7879999999999998
Keita Bates-Diop,SAS,27.0,203.2,103.872568,67,9.7,3.7,1.5,-8.5,0.609,60.09,8.514999999999999,3.857,1.469
Keldon Johnson,SAS,23.0,195.58,99.79024,63,22.0,5.0,2.9,-11.3,0.551,70.84,21.242999999999995,5.327000000000001,3.2779999999999996
Kelly Olynyk,UTA,32.0,210.82,108.86208,68,12.5,6.2,3.7,0.4,0.643,68.76,12.079,6.5379999999999985,2.702
Kelly Oubre Jr.,CHA,27.0,198.12,92.079176,48,20.3,5.2,1.1,-7.7,0.534,66.07,18.159,4.763000000000001,2.549
Kemba Walker,DAL,33.0,182.88,83.46092800000001,9,8.0,1.8,2.1,-1.9,0.5429999999999999,48.169999999999995,7.212999999999999,2.1990000000000007,2.142
Kendall Brown,IND,20.0,200.66,92.98636,6,1.5,1.0,0.5,8.2,0.5710000000000001,35.16,4.145999999999999,2.141,0.7630000000000001
Kendrick Nunn,WAS,27.0,190.5,86.18248,70,7.1,1.6,1.3,-2.3,0.53,53.93,7.729,2.0229999999999997,1.748
Kenneth Lofton Jr.,MEM,20.0,198.12,124.7378,24,5.0,2.1,0.8,-13.4,0.5720000000000001,42.26,5.759999999999999,2.9750000000000005,1.403
Kyle Kuzma,WAS,27.0,205.74,100.243832,64,21.2,7.2,3.7,0.3,0.544,63.61,22.744999999999997,7.297999999999999,4.023999999999999
Kyle Lowry,MIA,37.0,182.88,88.904032,55,11.2,4.1,5.1,1.1,0.565,62.75,11.71,3.36,4.588999999999999
Kyrie Irving,DAL,31.0,187.96,88.45044,60,27.1,5.1,5.5,4.7,0.613,64.11,26.108000000000004,5.140000000000001,5.518999999999998
Mamadi Diakite,CLE,26.0,205.74,103.418976,22,2.6,1.4,0.4,0.7,0.56,50.88,5.109999999999999,2.6229999999999993,0.7419999999999995
MarJon Beauchamp,MIL,22.0,200.66,90.264808,52,5.1,2.2,0.7,-7.2,0.513,43.87,5.738999999999999,2.336000000000001,1.1260000000000001
Marcus Morris Sr.,LAC,33.0,203.2,98.883056,65,11.2,4.0,1.8,-0.3,0.534,58.379999999999995,10.885,3.749,1.755
Marcus Smart,BOS,29.0,193.04,99.79024,61,11.5,3.1,6.3,6.3,0.5379999999999999,61.25000000000001,12.263000000000002,3.135,5.556999999999999
Mark Williams,CHA,21.0,213.36,108.86208,43,9.0,7.1,0.4,-4.7,0.659,55.84,8.774,6.537000000000001,0.9900000000000011
Markelle Fultz,ORL,25.0,193.04,94.800728,60,14.0,3.9,5.7,-3.7,0.564,63.489999999999995,16.055,4.162,5.8469999999999995
Markieff Morris,DAL,33.0,205.74,111.13004,35,3.8,2.0,0.9,1.7,0.5529999999999999,49.36,5.368999999999998,2.734,1.0810000000000004
Marko Simonovic,CHI,23.0,213.36,99.79024,7,0.9,0.3,0.0,27.3,0.381,29.069999999999993,4.647999999999998,2.6469999999999994,0.6939999999999988
Marvin Bagley III,DET,24.0,208.28,106.59412,42,12.0,6.4,0.9,-10.6,0.5870000000000001,54.6,12.052,6.135,1.2140000000000006
Mason Plumlee,LAC,33.0,213.36,115.212368,79,10.8,8.9,3.1,-5.9,0.6890000000000001,66.07,11.745999999999999,9.049999999999999,2.198
Matisse Thybulle,POR,26.0,195.58,91.171992,71,4.1,2.0,0.7,-0.5,0.552,56.14,6.503,2.3970000000000002,1.3219999999999994
Matt Ryan,MIN,26.0,198.12,97.52228,34,3.6,0.8,0.5,2.2,0.5379999999999999,47.85,5.503,2.209000000000001,0.9689999999999999
Matthew Dellavedova,SAC,32.0,190.5,90.7184,32,1.5,0.4,1.3,-8.8,0.4429999999999999,41.970000000000006,4.444999999999996,1.6650000000000005,1.6660000000000004
Max Christie,LAL,20.0,195.58,86.18248,41,3.1,1.8,0.5,-7.1,0.5660000000000001,41.839999999999996,5.011,2.164000000000001,1.0329999999999997
Max Strus,MIA,27.0,195.58,97.52228,80,11.5,3.2,2.1,-3.8,0.557,67.69,11.083,3.1319999999999997,2.2319999999999998
Maxi Kleber,DAL,31.0,208.28,108.86208,37,5.9,3.6,1.4,-2.9,0.5920000000000001,40.03,5.534999999999997,3.385,1.2630000000000008
McKinley Wright IV,DAL,24.0,180.34,87.089664,27,4.2,1.7,2.1,-14.9,0.536,34.599999999999994,4.999999999999997,1.6590000000000011,2.075
Meyers Leonard,MIL,31.0,213.36,117.93392,9,4.8,3.8,0.1,-12.5,0.652,31.85000000000001,4.221999999999998,3.293,0.48899999999999855
Mfiondu Kabengele,BOS,25.0,208.28,113.398,4,1.5,2.5,0.0,-6.9,0.381,32.17999999999999,2.9559999999999977,2.134999999999999,0.5289999999999988
Malik Monk,SAC,25.0,190.5,90.7184,77,13.5,2.6,3.9,1.0,0.5870000000000001,67.72,12.837,2.872,4.234999999999999
Malik Beasley,LAL,26.0,193.04,84.821704,81,12.7,3.5,1.5,-2.2,0.531,64.61,11.912,3.443,2.127
Malcolm Hill,CHI,27.0,198.12,99.79024,5,1.0,0.6,0.0,39.1,0.625,23.44,4.475999999999998,2.279,0.8009999999999999
Malcolm Brogdon,BOS,30.0,193.04,103.872568,67,14.9,4.2,3.7,5.1,0.615,64.5,14.041,4.246,3.57
LaMelo Ball,CHA,21.0,200.66,81.64656,36,23.3,6.4,8.4,-4.7,0.541,53.69,24.017000000000003,5.849,8.227999999999998
Lamar Stevens,CLE,25.0,198.12,104.32616,62,5.3,3.3,0.5,1.2,0.524,52.1,6.451000000000001,3.0520000000000005,1.1339999999999997
Landry Shamet,PHX,26.0,193.04,86.18248,40,8.7,1.7,2.3,2.2,0.537,56.98,8.228,2.3370000000000006,2.447
Larry Nance Jr.,NOP,30.0,203.2,111.13004,65,6.8,5.4,1.8,6.7,0.649,59.300000000000004,7.154999999999998,5.307,1.6169999999999998
Lauri Markkanen,UTA,26.0,213.36,108.86208,66,25.6,8.6,1.9,3.8,0.6409999999999999,54.61,21.600000000000005,9.274999999999997,3.481
LeBron James,LAL,38.0,205.74,113.398,55,28.9,8.3,6.8,4.6,0.583,59.21999999999999,28.210000000000008,8.684999999999995,6.996999999999995
Leandro Bolmaro,UTA,22.0,198.12,90.7184,14,0.4,0.5,0.5,0.7,0.15,30.139999999999993,3.0699999999999994,1.8870000000000002,0.7179999999999986
Lester Quinones,GSW,22.0,193.04,94.347136,4,2.5,0.8,0.5,14.6,0.654,23.800000000000004,5.428000000000001,2.306,1.167
Lindy Waters III,OKC,25.0,198.12,95.25432,41,5.2,1.8,0.7,10.5,0.573,53.53,6.786000000000001,2.4120000000000017,1.194
Julian Champagnie,SAS,22.0,200.66,98.429464,17,9.7,3.5,0.6,-10.6,0.6,62.57,8.824,3.624,1.1340000000000006
Lonnie Walker IV,LAL,24.0,193.04,92.532768,56,11.7,1.9,1.1,-7.3,0.57,59.830000000000005,9.487,2.538,1.576
Luguentz Dort,OKC,24.0,193.04,99.79024,74,13.7,4.6,2.1,0.9,0.513,67.73,14.48,4.447000000000001,2.6029999999999998
Luka Doncic,DAL,24.0,200.66,104.32616,66,32.4,8.6,8.0,2.1,0.609,65.09000000000002,30.93999999999999,8.806000000000006,8.044000000000004
Luka Garza,MIN,24.0,208.28,110.222856,28,6.5,2.3,0.6,2.0,0.652,49.18,5.777000000000003,3.002,0.8240000000000001
Luka Samanic,UTA,23.0,208.28,102.965384,7,9.9,4.3,2.1,-1.7,0.55,58.07,10.136,4.173,1.858
Luke Kennard,MEM,27.0,195.58,93.439952,59,9.3,2.7,1.5,7.3,0.684,63.57,8.348,2.8770000000000002,1.616
Luke Kornet,BOS,27.0,218.44,113.398,69,3.8,2.9,0.8,3.9,0.6970000000000001,46.46,5.909999999999999,3.788,1.062
Mac McClung,PHI,24.0,187.96,83.91452,2,12.5,5.0,4.5,19.6,0.563,52.52,11.038,3.927,3.6559999999999997
Malachi Flynn,TOR,25.0,185.42,79.3786,53,4.6,1.4,1.3,-3.5,0.479,56.31,6.0319999999999965,2.0149999999999997,1.6039999999999996
Malaki Branham,SAS,20.0,193.04,81.64656,66,10.2,2.7,1.9,-11.1,0.524,57.27,8.673,2.565000000000001,1.835
Louis King,PHI,24.0,200.66,92.98636,1,20.0,4.0,2.0,5.2,0.7440000000000001,56.489999999999995,17.725999999999996,4.588,2.5669999999999997
Juancho Hernangomez,TOR,27.0,205.74,97.068688,42,2.9,2.9,0.6,0.5,0.504,33.21,3.6170000000000027,2.425,0.7479999999999991
Juan Toscano-Anderson,UTA,30.0,198.12,94.800728,52,3.0,2.4,1.3,-9.9,0.505,37.69,4.554999999999997,2.077,1.1549999999999998
Jrue Holiday,MIL,33.0,195.58,92.98636,67,19.3,5.1,7.4,9.2,0.586,56.62,18.814999999999998,4.734,6.990000000000002
Jalen McDaniels,PHI,25.0,205.74,92.98636,80,9.4,4.3,1.6,-3.4,0.557,64.84,9.366,4.606,1.8039999999999998
Jalen Smith,IND,23.0,205.74,97.52228,68,9.4,5.8,1.0,-3.8,0.565,59.41,8.666,4.9590000000000005,0.9870000000000008
Jalen Suggs,ORL,22.0,195.58,92.98636,53,9.9,3.0,2.9,-1.3,0.528,65.82,9.527000000000001,3.1169999999999995,2.9740000000000006
Jalen Williams,OKC,22.0,195.58,95.707912,75,14.1,4.5,3.3,-1.0,0.601,68.99000000000001,13.572,4.077,2.864
Jamal Cain,MIA,24.0,198.12,86.636072,18,5.4,2.9,0.7,5.5,0.647,39.96000000000001,4.757000000000002,2.4139999999999997,0.8339999999999994
Jamal Murray,DEN,26.0,193.04,97.52228,65,20.0,4.0,6.2,6.4,0.5710000000000001,61.46,19.23999999999999,4.417999999999999,5.830999999999998
Jamaree Bouyea,WAS,24.0,187.96,81.64656,5,3.0,1.2,0.8,-13.2,0.504,28.029999999999998,4.644999999999999,2.0759999999999996,1.1809999999999996
James Bouknight,CHA,22.0,193.04,86.18248,34,5.6,2.1,1.2,-8.3,0.4629999999999999,43.99,5.841999999999997,2.261000000000001,1.3940000000000001
James Harden,PHI,33.0,195.58,99.79024,58,21.0,6.1,10.7,6.1,0.607,57.87,19.837000000000003,5.216999999999999,8.988000000000001
James Johnson,IND,36.0,200.66,108.86208,18,2.8,1.7,0.8,-1.1,0.486,38.66999999999999,4.741000000000001,2.4509999999999996,0.9770000000000001
James Wiseman,DET,22.0,213.36,108.86208,45,10.0,5.9,0.7,-17.2,0.589,46.379999999999995,9.302,5.195000000000001,0.8970000000000007
Jared Butler,OKC,22.0,190.5,87.543256,6,6.2,0.7,1.3,2.6,0.578,26.800000000000008,4.547999999999998,1.89,1.338
Jared Rhoden,DET,23.0,198.12,95.25432,14,3.2,2.6,0.3,4.3,0.482,23.519999999999992,3.1999999999999993,1.7069999999999999,0.5660000000000001
Jaren Jackson Jr.,MEM,23.0,208.28,109.769264,63,18.6,6.8,1.0,9.8,0.613,64.0,16.990000000000002,7.397999999999998,1.97
Jarred Vanderbilt,LAL,24.0,203.2,97.068688,78,7.9,7.5,2.4,-1.5,0.604,69.86,9.552,7.189,2.343
Jarrell Brantley,UTA,27.0,195.58,113.398,4,5.5,1.5,0.8,16.2,0.7390000000000001,36.92,6.028000000000001,2.383000000000001,1.2580000000000005
Jarrett Allen,CLE,25.0,205.74,110.222856,68,14.3,9.8,1.7,7.7,0.67,65.52,13.272,9.603000000000002,1.8040000000000007
Jarrett Culver,ATL,24.0,198.12,88.45044,10,4.4,3.8,0.6,-5.7,0.452,27.879999999999985,4.351,2.309,0.9250000000000005
Jason Preston,LAC,23.0,190.5,82.10015200000001,14,2.9,1.6,1.9,-1.6,0.489,28.859999999999985,5.1129999999999995,2.261000000000002,2.181
Jalen Johnson,ATL,21.0,203.2,99.336648,70,5.6,4.0,1.2,0.3,0.5539999999999999,49.910000000000004,6.376000000000001,3.814,1.3800000000000003
Jalen Green,HOU,21.0,193.04,84.368112,76,22.1,3.7,3.7,-8.7,0.5379999999999999,72.38,22.49299999999999,4.801,4.357000000000001
Jalen Duren,DET,19.0,210.82,113.398,67,9.1,8.9,1.1,-8.3,0.655,59.14999999999999,10.32,8.897,1.223000000000001
Jalen Brunson,NYK,26.0,187.96,86.18248,68,24.0,3.5,6.2,2.1,0.597,61.92,25.041999999999994,4.864,6.116999999999996
Isaiah Todd,WAS,21.0,205.74,99.336648,6,1.5,2.0,0.7,-6.7,0.226,37.279999999999994,3.9789999999999983,2.1999999999999997,0.7630000000000001
Ish Smith,DEN,34.0,182.88,79.3786,43,2.5,1.3,2.3,-5.3,0.407,37.11,5.088999999999999,1.846000000000001,2.412
Ish Wainright,PHX,28.0,195.58,113.398,60,4.2,2.3,0.9,6.1,0.522,41.86,5.626,2.354000000000001,0.9939999999999998
Ivica Zubac,LAC,26.0,213.36,108.86208,76,10.8,9.9,1.0,-0.6,0.6609999999999999,65.77,12.023,10.174000000000003,1.278000000000001
JD Davison,BOS,20.0,185.42,88.45044,12,1.6,0.8,0.9,-5.8,0.478,34.92,3.4950000000000054,1.7540000000000004,1.3709999999999996
JT Thor,CHA,20.0,205.74,92.079176,69,3.8,2.2,0.5,-7.5,0.506,50.120000000000005,6.907000000000002,2.468000000000001,1.187
Ja Morant,MEM,23.0,187.96,78.92500799999999,61,26.2,5.9,8.1,7.3,0.557,60.94,25.139999999999997,5.222999999999999,8.556999999999997
JaVale McGee,DAL,35.0,213.36,122.46984,42,4.4,2.5,0.3,-7.3,0.65,42.74,5.032,3.713,0.6759999999999995
Jabari Smith Jr.,HOU,20.0,210.82,99.79024,79,12.8,7.2,1.3,-11.3,0.514,61.42,13.033,6.507999999999999,1.6600000000000008
Javonte Green,CHI,29.0,195.58,92.98636,32,5.2,2.8,0.7,5.9,0.6459999999999999,47.75,5.339,2.64,0.9089999999999996
Jabari Walker,POR,20.0,200.66,90.7184,56,3.9,2.3,0.6,-9.0,0.496,41.82,5.693999999999999,2.385000000000001,1.0659999999999998
Jacob Gilyard,MEM,24.0,175.26,72.57472,1,3.0,4.0,7.0,-14.9,0.5,35.03,7.144,2.5380000000000003,2.984
Jaden Hardy,DAL,20.0,190.5,89.811216,48,8.8,1.9,1.4,-3.1,0.5710000000000001,56.82,8.178,2.245000000000001,1.779
Jaden Ivey,DET,21.0,193.04,88.45044,74,16.3,3.9,5.2,-13.0,0.528,61.67999999999999,16.881999999999994,4.317,5.201999999999999
Jaden McDaniels,MIN,22.0,205.74,83.91452,79,12.1,3.9,1.9,2.0,0.611,62.03,12.23,4.03,2.098
Jaden Springer,PHI,20.0,193.04,91.625584,16,2.6,0.9,0.5,-2.1,0.545,33.349999999999994,4.478,2.1000000000000005,0.8900000000000003
Jae Crowder,MIL,32.0,198.12,106.59412,18,6.9,3.8,1.5,-0.8,0.624,51.0,6.329000000000001,3.439,1.1880000000000002
Jae'Sean Tate,HOU,27.0,195.58,104.32616,31,9.1,3.8,2.7,-7.3,0.546,61.42,9.161000000000001,4.12,2.8960000000000004
Jake LaRavia,MEM,21.0,200.66,106.59412,35,3.0,1.8,0.6,-7.6,0.531,37.529999999999994,4.619,2.131000000000001,0.9209999999999985
Jakob Poeltl,TOR,27.0,215.9,111.13004,72,12.5,9.1,2.7,-3.1,0.635,66.2,12.642000000000001,9.048000000000004,2.283
Jack White,DEN,25.0,200.66,102.0582,17,1.2,1.0,0.2,-14.1,0.517,33.82999999999999,3.3000000000000025,2.3959999999999995,0.6429999999999987
Isaiah Roby,NYK,25.0,203.2,104.32616,42,4.1,2.6,0.9,-10.4,0.497,36.71999999999999,4.803999999999997,2.811,1.093
Jaxson Hayes,NOP,23.0,213.36,99.79024,47,5.0,2.8,0.7,-5.4,0.605,47.58,5.841,3.334,0.9420000000000004
Jay Scrubb,ORL,22.0,195.58,99.79024,2,6.5,3.0,0.5,-28.5,0.825,39.06,6.755000000000001,2.9330000000000007,1.0629999999999997
Jonas Valanciunas,NOP,31.0,210.82,120.20188,79,14.1,10.2,1.8,-0.7,0.61,61.82,13.892,9.246000000000004,1.9929999999999999
Jonathan Isaac,ORL,25.0,208.28,104.32616,11,5.0,4.0,0.5,-5.8,0.483,26.310000000000002,4.494,2.774,0.6539999999999992
Jonathan Kuminga,GSW,20.0,200.66,102.0582,67,9.9,3.4,1.9,-1.4,0.597,59.989999999999995,9.097000000000001,3.566,1.8559999999999999
Jordan Clarkson,UTA,31.0,195.58,87.996848,61,20.8,4.0,4.4,0.8,0.5579999999999999,69.81000000000002,21.961,4.519,4.793000000000001
Jordan Goodwin,WAS,24.0,190.5,90.7184,62,6.6,3.3,2.7,-4.5,0.531,57.53,7.893,3.286,2.7790000000000004
Jordan Hall,SAS,21.0,200.66,97.52228,9,3.1,1.3,1.2,-13.1,0.4379999999999999,33.74999999999999,6.089,2.279,1.447
Jordan McLaughlin,MIN,27.0,182.88,83.91452,43,3.7,1.4,3.4,5.8,0.526,38.47,4.847999999999999,1.6879999999999997,2.7340000000000004
Jordan Nwora,IND,24.0,205.74,102.0582,62,8.7,3.7,1.4,-10.2,0.561,59.31,8.774000000000001,3.828,1.4240000000000006
Jordan Poole,GSW,24.0,193.04,87.996848,82,20.4,2.7,4.5,-0.8,0.573,71.00999999999999,20.086999999999996,3.693,4.83
Jordan Schakel,WAS,25.0,198.12,90.7184,2,1.5,0.0,0.5,50.0,0.75,26.330000000000023,5.558,2.382,1.4889999999999994
Jose Alvarado,NOP,25.0,182.88,81.19296800000001,61,9.0,2.3,3.0,3.7,0.525,57.81999999999999,8.495,2.2920000000000003,2.8810000000000002
Josh Christopher,HOU,21.0,193.04,97.52228,64,5.8,1.1,1.1,-13.9,0.523,45.99,6.211999999999998,1.8160000000000003,1.6630000000000003
Josh Giddey,OKC,20.0,203.2,97.975872,76,16.6,7.9,6.2,-2.2,0.5329999999999999,61.36,20.840999999999998,7.016,5.551
Josh Green,DAL,22.0,200.66,90.7184,60,9.1,3.0,1.7,2.5,0.645,63.089999999999996,7.956,3.2399999999999998,1.5570000000000002
Josh Hart,NYK,28.0,193.04,97.52228,76,9.8,7.8,3.8,5.9,0.622,64.47,10.463000000000001,6.526999999999999,2.725
Josh Minott,MIN,20.0,203.2,92.98636,15,3.1,1.7,0.3,10.4,0.5820000000000001,25.54999999999999,4.138999999999998,2.178,0.6069999999999991
Josh Okogie,PHX,24.0,193.04,96.615096,72,7.3,3.5,1.5,4.9,0.531,60.080000000000005,8.490000000000002,3.897,1.82
Josh Richardson,NOP,29.0,198.12,90.7184,65,10.1,2.7,2.7,-5.2,0.555,65.72999999999999,9.903,2.9739999999999998,2.9189999999999996
Joshua Primo,SAS,20.0,198.12,85.728888,4,7.0,3.3,4.5,1.7,0.467,58.22,7.993,2.7319999999999998,3.4269999999999996
Johnny Juzang,UTA,22.0,198.12,94.800728,18,4.8,2.2,0.4,-17.7,0.411,40.28000000000001,5.1370000000000005,2.226,0.7429999999999997
Johnny Davis,WAS,21.0,193.04,88.45044,28,5.8,2.3,1.0,-6.2,0.446,41.519999999999996,5.500999999999998,2.3720000000000003,1.176
John Wall,LAC,32.0,190.5,95.25432,34,11.4,2.7,5.2,-6.6,0.497,51.87,11.491,3.0999999999999996,4.590000000000002
John Konchar,MEM,27.0,195.58,95.25432,72,5.1,4.3,1.4,7.0,0.542,56.89,6.57,3.695,1.6660000000000001
Jaylen Brown,BOS,26.0,198.12,101.151016,67,26.6,6.9,3.5,5.4,0.581,67.71,25.616999999999997,7.171999999999999,3.888999999999999
Jaylen Nowell,MIN,23.0,193.04,91.171992,65,10.8,2.6,2.0,0.0,0.527,62.87999999999999,8.943000000000001,2.5920000000000005,2.1310000000000002
Jaylin Williams,OKC,21.0,205.74,108.86208,49,5.9,4.9,1.6,-4.6,0.5589999999999999,44.50999999999999,5.831999999999998,3.966,1.3659999999999997
Jayson Tatum,BOS,25.0,203.2,95.25432,74,30.1,8.8,4.6,8.5,0.607,66.35999999999999,27.792999999999978,9.088999999999997,4.790000000000001
Jeenathan Williams,POR,24.0,195.58,92.98636,5,10.6,3.0,2.0,-11.0,0.657,47.05,7.752999999999998,2.7479999999999993,1.7700000000000002
Jeff Dowtin Jr.,TOR,26.0,190.5,80.28578399999998,25,2.4,0.9,1.2,-0.6,0.5,43.31,4.698,1.973,1.2959999999999994
Jeff Green,DEN,36.0,203.2,106.59412,56,7.8,2.6,1.2,-8.0,0.5760000000000001,61.7,8.110000000000001,2.869,1.3780000000000001
Jerami Grant,POR,29.0,203.2,95.25432,63,20.5,4.5,2.4,-1.2,0.606,65.19000000000001,19.081999999999997,4.574000000000001,2.769
Jeremiah Robinson-Earl,OKC,22.0,203.2,108.86208,43,6.8,4.2,1.0,-0.9,0.5479999999999999,44.16,6.247,3.372,1.1170000000000007
Jay Huff,WAS,25.0,215.9,108.86208,7,7.3,3.0,1.4,-1.1,0.7959999999999999,46.370000000000005,5.589,3.077,1.0100000000000005
Jeremy Sochan,SAS,20.0,203.2,104.32616,56,11.0,5.3,2.5,-7.0,0.509,55.61,10.523,4.695,2.478
Jevon Carter,MIL,27.0,185.42,90.7184,81,8.0,2.5,2.4,1.9,0.56,65.24000000000001,8.886000000000001,2.78,2.519
Jimmy Butler,MIA,33.0,200.66,104.32616,64,22.9,5.9,5.3,1.2,0.647,61.53000000000001,21.394000000000002,5.714,5.238999999999998
Jock Landale,PHX,27.0,210.82,115.66596,69,6.6,4.1,1.0,7.9,0.595,60.53,6.845,4.5760000000000005,1.1810000000000003
Joe Harris,BKN,31.0,198.12,99.79024,74,7.6,2.2,1.4,-1.0,0.621,63.47,7.737,2.2469999999999986,1.166
Joe Ingles,MIL,35.0,205.74,99.79024,46,6.9,2.8,3.3,2.5,0.616,62.45,7.927000000000001,3.295,2.8870000000000005
Joe Wieskamp,TOR,23.0,198.12,92.98636,9,1.0,0.4,0.3,1.0,0.321,27.960000000000008,3.508000000000001,1.924,0.7360000000000002
Joel Embiid,PHI,29.0,213.36,127.00576,66,33.1,10.2,4.2,8.8,0.655,63.250000000000014,30.060000000000002,10.176,4.864000000000001
John Butler Jr.,POR,20.0,213.36,86.18248,19,2.4,0.9,0.6,-16.1,0.411,42.73,5.886,2.832,0.9289999999999996
John Collins,ATL,25.0,205.74,102.511792,71,13.1,6.5,1.2,-0.2,0.593,62.64,14.015,5.965999999999999,1.717
Jericho Sims,NYK,24.0,208.28,113.398,52,3.4,4.7,0.5,-6.7,0.78,34.81000000000001,4.492999999999999,3.613,0.6130000000000002
JaMychal Green,GSW,33.0,205.74,102.965384,57,6.4,3.6,0.9,-8.2,0.65,56.16,6.913,4.001,1.1640000000000004
